address_id,address,address2,district,city_id,postal_code,phone,last_update
1,47 MySakila Drive,,Alberta,300,,,9:23 AM
2,28 MySQL Boulevard,,QLD,576,,,10:23 AM
3,23 Workhaven Lane,,Alberta,300,,14033335568,11:23 AM
4,1411 Lillydale Drive,,QLD,576,,6172235589,12:23 PM
5,1913 Hanoi Way,,Nagasaki,463,35200,28303384290,1:23 PM
6,1121 Loja Avenue,,California,449,17886,8.39E+11,2:23 PM
7,692 Joliet Street,,Attika,38,83579,4.48E+11,3:23 PM
8,1566 Inegl Manor,,Mandalay,349,53561,7.06E+11,4:23 PM
9,53 Idfu Parkway,,Nantou,361,42399,10655648674,5:23 PM
10,1795 Santiago de Compostela Way,,Texas,295,18743,8.60E+11,6:23 PM
11,900 Santiago de Compostela Parkway,,Central Serbia,280,93896,7.17E+11,7:23 PM
12,478 Joliet Way,,Hamilton,200,77948,6.57E+11,8:23 PM
13,613 Korolev Drive,,Masqat,329,45844,3.81E+11,9:23 PM
14,1531 Sal Drive,,Esfahan,162,53628,6.49E+11,10:23 PM
15,1542 Tarlac Parkway,,Kanagawa,440,1027,6.35E+11,11:23 PM
16,808 Bhopal Manor,,Haryana,582,10672,4.66E+11,12:23 AM
17,270 Amroha Parkway,,Osmaniye,384,29610,6.95E+11,1:23 AM
18,770 Bydgoszcz Avenue,,California,120,16266,5.17E+11,2:23 AM
19,419 Iligan Lane,,Madhya Pradesh,76,72878,9.91E+11,3:23 AM
20,360 Toulouse Parkway,,England,495,54308,9.49E+11,4:23 AM
21,270 Toulon Boulevard,,Kalmykia,156,81766,4.08E+11,5:23 AM
22,320 Brest Avenue,,Kaduna,252,43331,7.48E+11,6:23 AM
23,1417 Lancaster Avenue,,Northern Cape,267,72192,2.73E+11,7:23 AM
24,1688 Okara Way,,Nothwest Border Prov,327,21954,1.44E+11,8:23 AM
25,262 A Corua (La Corua) Parkway,,Dhaka,525,34418,8.93E+11,9:23 AM
26,28 Charlotte Amalie Street,,Rabat-Sal-Zammour-Z,443,37551,1.62E+11,10:23 AM
27,1780 Hino Boulevard,,Liepaja,303,7716,9.03E+11,11:23 AM
28,96 Tafuna Way,,Crdoba,128,99865,9.35E+11,12:23 PM
29,934 San Felipe de Puerto Plata Street,,Sind,472,99780,1.96E+11,1:23 PM
30,18 Duisburg Boulevard,,,121,58327,9.98E+11,2:23 PM
31,217 Botshabelo Place,,Southern Mindanao,138,49521,6.65E+11,3:23 PM
32,1425 Shikarpur Manor,,Bihar,346,65599,6.78E+11,4:23 PM
33,786 Aurora Avenue,,Yamaguchi,474,65750,18461860151,5:23 PM
34,1668 Anpolis Street,,Taipei,316,50199,5.25E+11,6:23 PM
35,33 Gorontalo Way,,West Bengali,257,30348,7.46E+11,7:23 PM
36,176 Mandaluyong Place,,Uttar Pradesh,239,65213,6.28E+11,8:23 PM
37,127 Purnea (Purnia) Manor,,Piemonte,17,79388,9.12E+11,9:23 PM
38,61 Tama Street,,Okayama,284,94065,7.08E+11,10:23 PM
39,391 Callao Drive,,Midi-Pyrnes,544,34021,4.41E+11,11:23 PM
40,334 Munger (Monghyr) Lane,,Markazi,31,38145,4.81E+11,12:23 AM
41,1440 Fukuyama Loop,,Henan,362,47929,9.12E+11,1:23 AM
42,269 Cam Ranh Parkway,,Chisinau,115,34689,4.90E+11,2:23 AM
43,306 Antofagasta Place,,Esprito Santo,569,3989,3.78E+11,3:23 AM
44,671 Graz Street,,Oriental,353,94399,6.81E+11,4:23 AM
45,42 Brindisi Place,,Yerevan,586,16744,42384721397,5:23 AM
46,1632 Bislig Avenue,,Nonthaburi,394,61117,4.72E+11,6:23 AM
47,1447 Imus Way,,Tahiti,167,48942,5.40E+11,7:23 AM
48,1998 Halifax Drive,,Lipetsk,308,76022,1.78E+11,8:23 AM
49,1718 Valencia Street,,Antofagasta,27,37359,6.75E+11,9:23 AM
50,46 Pjatigorsk Lane,,Moscow (City),343,23616,2.62E+11,10:23 AM
51,686 Garland Manor,,Cear,247,52535,69493378813,11:23 AM
52,909 Garland Manor,,Tatarstan,367,69367,7.06E+11,12:23 PM
53,725 Isesaki Place,,Mekka,237,74428,8.76E+11,1:23 PM
54,115 Hidalgo Parkway,,Khartum,379,80168,3.08E+11,2:23 PM
55,1135 Izumisano Parkway,,California,171,48150,1.72E+11,3:23 PM
56,939 Probolinggo Loop,,Galicia,1,4166,6.80E+11,4:23 PM
57,17 Kabul Boulevard,,Chiba,355,38594,6.98E+11,5:23 PM
58,1964 Allappuzha (Alleppey) Street,,Yamaguchi,227,48980,9.21E+11,6:23 PM
59,1697 Kowloon and New Kowloon Loop,,Moskova,49,57807,4.99E+11,7:23 PM
60,1668 Saint Louis Place,,Tahiti,397,39072,3.47E+11,8:23 PM
61,943 Tokat Street,,Vaduz,560,45428,8.89E+11,9:23 PM
62,1114 Liepaja Street,,Sarawak,282,69226,2.13E+11,10:23 PM
63,1213 Ranchi Parkway,,Karnataka,350,94352,8.00E+11,11:23 PM
64,81 Hodeida Way,,Rajasthan,231,55561,2.51E+11,12:23 AM
65,915 Ponce Place,,Basel-Stadt,56,83980,1395251317,1:23 AM
66,1717 Guadalajara Lane,,Missouri,441,85505,9.14E+11,2:23 AM
67,1214 Hanoi Way,,Nebraska,306,67055,4.91E+11,3:23 AM
68,1966 Amroha Avenue,,Sichuan,139,70385,3.33E+11,4:23 AM
69,698 Otsu Street,,Cayenne,105,71110,4.10E+11,5:23 AM
70,1150 Kimchon Manor,,Skne ln,321,96109,6.63E+11,6:23 AM
71,1586 Guaruj Place,,Hunan,579,5135,9.47E+11,7:23 AM
72,57 Arlington Manor,,Madhya Pradesh,475,48960,9.90E+11,8:23 AM
73,1031 Daugavpils Parkway,,Bchar,63,59025,1.07E+11,9:23 AM
74,1124 Buenaventura Drive,,Mekka,13,6856,4.08E+11,10:23 AM
75,492 Cam Ranh Street,,Eastern Visayas,61,50805,5.65E+11,11:23 AM
76,89 Allappuzha (Alleppey) Manor,,National Capital Reg,517,75444,2.56E+11,12:23 PM
77,1947 Poos de Caldas Boulevard,,Chiayi,114,60951,4.27E+11,1:23 PM
78,1206 Dos Quebradas Place,,So Paulo,431,20207,2.42E+11,2:23 PM
79,1551 Rampur Lane,,Changhwa,108,72394,2.51E+11,3:23 PM
80,602 Paarl Street,,Pavlodar,402,98889,8.96E+11,4:23 PM
81,1692 Ede Loop,,So Paulo,30,9223,9.19E+11,5:23 PM
82,936 Salzburg Lane,,Uttar Pradesh,425,96709,8.76E+11,6:23 PM
83,586 Tete Way,,Kanagawa,256,1079,18581624103,7:23 PM
84,1888 Kabul Drive,,Oyo & Osun,217,20936,7.01E+11,8:23 PM
85,320 Baiyin Parkway,,Mahajanga,319,37307,2.24E+11,9:23 PM
86,927 Baha Blanca Parkway,,Krim,479,9495,8.22E+11,10:23 PM
87,929 Tallahassee Loop,,Gauteng,497,74671,8.01E+11,11:23 PM
88,125 Citt del Vaticano Boulevard,,Puebla,40,67912,48417642933,12:23 AM
89,1557 Ktahya Boulevard,,England,88,88002,7.21E+11,1:23 AM
90,870 Ashqelon Loop,,Songkhla,489,84931,1.35E+11,2:23 AM
91,1740 Portoviejo Avenue,,Sucre,480,29932,1.98E+11,3:23 AM
92,1942 Ciparay Parkway,,Cheju,113,82624,9.79E+11,4:23 AM
93,1926 El Alto Avenue,,Buenos Aires,289,75543,8.46E+11,5:23 AM
94,1952 Chatsworth Drive,,Guangdong,332,25958,9.92E+11,6:23 AM
95,1370 Le Mans Avenue,,Brunei and Muara,53,52163,3.46E+11,7:23 AM
96,984 Effon-Alaiye Avenue,,Gois,183,17119,1.33E+11,8:23 AM
97,832 Nakhon Sawan Manor,,Inner Mongolia,592,49021,2.76E+11,9:23 AM
98,152 Kitwe Parkway,,Caraga,82,53182,8.35E+11,10:23 AM
99,1697 Tanauan Lane,,Punjab,399,22870,4764773857,11:23 AM
100,1308 Arecibo Way,,Georgia,41,30695,6171054059,12:23 PM
101,1599 Plock Drive,,Tete,534,71986,8.17E+11,1:23 PM
102,669 Firozabad Loop,,Abu Dhabi,12,92265,4.13E+11,2:23 PM
103,588 Vila Velha Manor,,Kyongsangbuk,268,51540,3.33E+11,3:23 PM
104,1913 Kamakura Place,,Lipetsk,238,97287,9.43E+11,4:23 PM
105,733 Mandaluyong Place,,Asir,2,77459,1.97E+11,5:23 PM
106,659 Vaduz Drive,,Ha Darom,34,49708,7.10E+11,6:23 PM
107,1177 Jelets Way,,Kwara & Kogi,220,3305,4.84E+11,7:23 PM
108,1386 Yangor Avenue,,Provence-Alpes-Cte,543,80720,4.49E+11,8:23 PM
109,454 Nakhon Sawan Boulevard,,Funafuti,173,76383,9.64E+11,9:23 PM
110,1867 San Juan Bautista Tuxtepec Avenue,,Ivanovo,225,78311,5.47E+11,10:23 PM
111,1532 Dzerzinsk Way,,Buenos Aires,334,9599,3.31E+11,11:23 PM
112,1002 Ahmadnagar Manor,,Mxico,213,93026,3.71E+11,12:23 AM
113,682 Junan Way,,North West,273,30418,6.22E+11,1:23 AM
114,804 Elista Drive,,Hubei,159,61069,3.80E+11,2:23 AM
115,1378 Alvorada Avenue,,Distrito Federal,102,75834,2.72E+11,3:23 AM
116,793 Cam Ranh Avenue,,California,292,87057,8.24E+11,4:23 AM
117,1079 Tel Aviv-Jaffa Boulevard,,Sucre,132,10885,3.58E+11,5:23 AM
118,442 Rae Bareli Place,,Nordrhein-Westfalen,148,24321,8.87E+11,6:23 AM
119,1107 Nakhon Sawan Avenue,,Mxico,365,75149,8.68E+11,7:23 AM
120,544 Malm Parkway,,Central Java,403,63502,3.87E+11,8:23 AM
121,1967 Sincelejo Place,,Gujarat,176,73644,5.78E+11,9:23 AM
122,333 Goinia Way,,Texas,185,78625,9.09E+11,10:23 AM
123,1987 Coacalco de Berriozbal Loop,,al-Qalyubiya,476,96065,7.88E+11,11:23 AM
124,241 Mosul Lane,,Risaralda,147,76157,7.65E+11,12:23 PM
125,211 Chiayi Drive,,Uttar Pradesh,164,58186,6.66E+11,1:23 PM
126,1175 Tanauan Way,,Lima,305,64615,9.37E+11,2:23 PM
127,117 Boa Vista Way,,Uttar Pradesh,566,6804,6.78E+11,3:23 PM
128,848 Tafuna Manor,,Ktahya,281,45142,6.15E+11,4:23 PM
129,569 Baicheng Lane,,Gauteng,85,60304,4.90E+11,5:23 PM
130,1666 Qomsheh Drive,,So Paulo,410,66255,5.83E+11,6:23 PM
131,801 Hagonoy Drive,,Smolensk,484,8439,2.37E+11,7:23 PM
132,1050 Garden Grove Avenue,,Slaskie,236,4999,9.73E+11,8:23 PM
133,1854 Tieli Street,,Shandong,302,15819,5.09E+11,9:23 PM
134,758 Junan Lane,,Gois,190,82639,9.35E+11,10:23 PM
135,1752 So Leopoldo Parkway,,Taka-Karpatia,345,14014,2.52E+11,11:23 PM
136,898 Belm Manor,,Free State,87,49757,7.07E+11,12:23 AM
137,261 Saint Louis Way,,Coahuila de Zaragoza,541,83401,3.22E+11,1:23 AM
138,765 Southampton Drive,,al-Qalyubiya,421,4285,23712411567,2:23 AM
139,943 Johannesburg Avenue,,Maharashtra,417,5892,90921003005,3:23 AM
140,788 Atinsk Street,,Karnataka,211,81691,1.46E+11,4:23 AM
141,1749 Daxian Place,,Gelderland,29,11044,9.63E+11,5:23 AM
142,1587 Sullana Lane,,Inner Mongolia,207,85769,4.68E+11,6:23 AM
143,1029 Dzerzinsk Manor,,Ynlin,542,57519,33173584456,7:23 AM
144,1666 Beni-Mellal Place,,Tennessee,123,13377,9099941466,8:23 AM
145,928 Jaffna Loop,,Hiroshima,172,93762,5.82E+11,9:23 AM
146,483 Ljubertsy Parkway,,Scotland,149,60562,5.81E+11,10:23 AM
147,374 Bat Yam Boulevard,,Kilis,266,97700,9.23E+11,11:23 AM
148,1027 Songkhla Manor,,Minsk,340,30861,5.64E+11,12:23 PM
149,999 Sanaa Loop,,Gauteng,491,3439,9.18E+11,1:23 PM
150,879 Newcastle Way,,Michigan,499,90732,2.07E+11,2:23 PM
151,1337 Lincoln Parkway,,Saitama,555,99457,5.98E+11,3:23 PM
152,1952 Pune Lane,,Saint-Denis,442,92150,3.55E+11,4:23 PM
153,782 Mosul Street,,Massachusetts,94,25545,8.86E+11,5:23 PM
154,781 Shimonoseki Drive,,Michoacn de Ocampo,202,95444,6.32E+11,6:23 PM
155,1560 Jelets Boulevard,,Shandong,291,77777,1.89E+11,7:23 PM
156,1963 Moscow Place,,Assam,354,64863,7.61E+11,8:23 PM
157,456 Escobar Way,,Jakarta Raya,232,36061,7.19E+11,9:23 PM
158,798 Cianjur Avenue,,Shanxi,590,76990,4.99E+11,10:23 PM
159,185 Novi Sad Place,,Bern,72,41778,9.04E+11,11:23 PM
160,1367 Yantai Manor,,Ondo & Ekiti,381,21294,8.90E+11,12:23 AM
161,1386 Nakhon Sawan Boulevard,,Pyongyang-si,420,53502,3.69E+11,1:23 AM
162,369 Papeete Way,,North Carolina,187,66639,1.70E+11,2:23 AM
163,1440 Compton Place,,North Austria,307,81037,9.31E+11,9:23 AM
164,1623 Baha Blanca Manor,,Moskova,310,81511,1.50E+11,10:23 AM
165,97 Shimoga Avenue,,Tel Aviv,533,44660,1.77E+11,11:23 AM
166,1740 Le Mans Loop,,Pays de la Loire,297,22853,1.68E+11,12:23 PM
167,1287 Xiangfan Boulevard,,Gifu,253,57844,8.19E+11,1:23 PM
168,842 Salzburg Lane,,Adana,529,3313,6.97E+11,2:23 PM
169,154 Tallahassee Loop,,Xinxiang,199,62250,9.36E+11,3:23 PM
170,710 San Felipe del Progreso Avenue,,Lilongwe,304,76901,8.44E+11,4:23 PM
171,1540 Wroclaw Drive,,Maharashtra,107,62686,1.82E+11,5:23 PM
172,475 Atinsk Way,,Gansu,240,59571,2.02E+11,6:23 PM
173,1294 Firozabad Drive,,Jiangxi,407,70618,1.62E+11,7:23 PM
174,1877 Ezhou Lane,,Rajasthan,550,63337,2.65E+11,8:23 PM
175,316 Uruapan Street,,Perak,223,58194,2.76E+11,9:23 PM
176,29 Pyongyang Loop,,Batman,58,47753,7.35E+11,10:23 PM
177,1010 Klerksdorp Way,,Steiermark,186,6802,4.93E+11,11:23 PM
178,1848 Salala Boulevard,,Miranda,373,25220,48265851133,12:23 AM
179,431 Xiangtan Avenue,,Kerala,18,4854,2.30E+11,1:23 AM
180,757 Rustenburg Avenue,,Skikda,483,89668,5.06E+11,2:23 AM
181,146 Johannesburg Way,,Tamaulipas,330,54132,9.54E+11,3:23 AM
182,1891 Rizhao Boulevard,,So Paulo,456,47288,3.91E+11,4:23 AM
183,1089 Iwatsuki Avenue,,Kirov,270,35109,8.66E+11,5:23 AM
184,1410 Benin City Parkway,,Risaralda,405,29747,1.04E+11,6:23 AM
185,682 Garden Grove Place,,Tennessee,333,67497,72136330362,7:23 AM
186,533 al-Ayn Boulevard,,California,126,8862,6.62E+11,8:23 AM
187,1839 Szkesfehrvr Parkway,,Gois,317,55709,9.47E+11,9:23 AM
188,741 Ambattur Manor,,Noord-Brabant,438,43310,3.03E+11,10:23 AM
189,927 Barcelona Street,,Chaharmahal va Bakht,467,65121,9.51E+11,11:23 AM
190,435 0 Way,,West Bengali,195,74750,7.60E+11,12:23 PM
191,140 Chiayi Parkway,,Sumy,506,38982,8.56E+11,1:23 PM
192,1166 Changhwa Street,,Caraga,62,58852,6.51E+11,2:23 PM
193,891 Novi Sad Manor,,Ontario,383,5379,2.48E+11,3:23 PM
194,605 Rio Claro Parkway,,Tabora,513,49348,3.52E+11,4:23 PM
195,1077 San Felipe de Puerto Plata Place,,Rostov-na-Donu,369,65387,8.13E+11,5:23 PM
196,9 San Miguel de Tucumn Manor,,Uttar Pradesh,169,90845,9.56E+11,6:23 PM
197,447 Surakarta Loop,,Nyanza,271,10428,9.41E+11,7:23 PM
198,345 Oshawa Boulevard,,Tokyo-to,204,32114,1.04E+11,8:23 PM
199,1792 Valle de la Pascua Place,,Nordrhein-Westfalen,477,15540,4.19E+11,9:23 PM
200,1074 Binzhou Manor,,Baden-Wrttemberg,325,36490,3.31E+11,10:23 PM
201,817 Bradford Loop,,Jiangsu,109,89459,2.64E+11,11:23 PM
202,955 Bamenda Way,,Ondo & Ekiti,218,1545,7.68E+11,12:23 AM
203,1149 A Corua (La Corua) Boulevard,,Haiphong,194,95824,4.71E+11,1:23 AM
204,387 Mwene-Ditu Drive,,Ahal,35,8073,7.64E+11,2:23 AM
205,68 Molodetno Manor,,Nordrhein-Westfalen,575,4662,1.47E+11,3:23 AM
206,642 Nador Drive,,Maharashtra,77,3924,3.69E+11,4:23 AM
207,1688 Nador Lane,,Sulawesi Utara,184,61613,6.52E+11,5:23 AM
208,1215 Pyongyang Parkway,,Usak,557,25238,6.46E+11,6:23 AM
209,1679 Antofagasta Street,,Alto Paran,122,86599,9.06E+11,7:23 AM
210,1304 s-Hertogenbosch Way,,Santa Catarina,83,10925,90336226227,8:23 AM
211,850 Salala Loop,,Kitaa,371,10800,4.03E+11,9:23 AM
212,624 Oshawa Boulevard,,West Bengali,51,89959,49677664184,10:23 AM
213,43 Dadu Avenue,,Rajasthan,74,4855,95666951770,11:23 AM
214,751 Lima Loop,,Aden,7,99405,7.56E+11,12:23 PM
215,1333 Haldia Street,,Jilin,174,82161,4.08E+11,1:23 PM
216,660 Jedda Boulevard,,Washington,65,25053,1.69E+11,2:23 PM
217,1001 Miyakonojo Lane,,Taizz,518,67924,5.84E+11,3:23 PM
218,226 Brest Manor,,California,508,2299,7.86E+11,4:23 PM
219,1229 Valencia Parkway,,Haskovo,498,99124,3.53E+11,5:23 PM
220,1201 Qomsheh Manor,,Gois,28,21464,8.73E+11,6:23 PM
221,866 Shivapuri Manor,,Uttar Pradesh,448,22474,7.79E+11,7:23 PM
222,1168 Najafabad Parkway,,Kabol,251,40301,8.87E+11,8:23 PM
223,1244 Allappuzha (Alleppey) Place,,Buenos Aires,567,20657,9.92E+11,9:23 PM
224,1842 Luzinia Boulevard,,Zanzibar West,593,94420,7.07E+11,10:23 PM
225,1926 Gingoog Street,,Sisilia,511,22824,4.70E+11,11:23 PM
226,810 Palghat (Palakkad) Boulevard,,Jaroslavl,235,73431,5.16E+11,12:23 AM
227,1820 Maring Parkway,,Punjab,324,88307,99760893676,1:23 AM
228,60 Poos de Caldas Street,,Rajasthan,243,82338,9.63E+11,2:23 AM
229,1014 Loja Manor,,Tamil Nadu,22,66851,4.61E+11,3:23 AM
230,201 Effon-Alaiye Way,,Asuncin,37,64344,6.84E+11,4:23 AM
231,430 Alessandria Loop,,Saarland,439,47446,6.70E+11,5:23 AM
232,754 Valencia Place,,Phnom Penh,406,87911,5.94E+11,6:23 AM
233,356 Olomouc Manor,,Gois,26,93323,22326410776,7:23 AM
234,1256 Bislig Boulevard,,Botosani,86,50598,4.79E+11,8:23 AM
235,954 Kimchon Place,,West Bengali,559,42420,5.41E+11,9:23 AM
236,885 Yingkou Manor,,Kaduna,596,31390,5.89E+11,10:23 AM
237,1736 Cavite Place,,Qina,216,98775,4.32E+11,11:23 AM
238,346 Skikda Parkway,,Hawalli,233,90628,6.30E+11,12:23 PM
239,98 Stara Zagora Boulevard,,Valle,96,76448,6.10E+11,1:23 PM
240,1479 Rustenburg Boulevard,,Southern Tagalog,527,18727,7.28E+11,2:23 PM
241,647 A Corua (La Corua) Street,,Chollanam,357,36971,7.93E+11,3:23 PM
242,1964 Gijn Manor,,Karnataka,473,14408,9.18E+11,4:23 PM
243,47 Syktyvkar Lane,,West Java,118,22236,63937119031,5:23 PM
244,1148 Saarbrcken Parkway,,Fukushima,226,1921,1.38E+11,6:23 PM
245,1103 Bilbays Parkway,,Hubei,578,87660,2.80E+11,7:23 PM
246,1246 Boksburg Parkway,,Hebei,422,28349,8.90E+11,8:23 PM
247,1483 Pathankot Street,,Tucumn,454,37288,6.86E+11,9:23 PM
248,582 Papeete Loop,,Central Visayas,294,27722,5.70E+11,10:23 PM
249,300 Junan Street,,Kyonggi,553,81314,8.90E+11,11:23 PM
250,829 Grand Prairie Way,,Paran,328,6461,7.41E+11,12:23 AM
251,1473 Changhwa Parkway,,Mxico,124,75933,2.67E+11,1:23 AM
252,1309 Weifang Street,,Florida,520,57338,4.36E+11,2:23 AM
253,1760 Oshawa Manor,,Tianjin,535,38140,56257502250,3:23 AM
254,786 Stara Zagora Way,,Oyo & Osun,390,98332,7.16E+11,4:23 AM
255,1966 Tonghae Street,,Anhalt Sachsen,198,36481,5.67E+11,5:23 AM
256,1497 Yuzhou Drive,,England,312,3433,2.47E+11,6:23 AM
258,752 Ondo Loop,,Miyazaki,338,32474,1.35E+11,7:23 AM
259,1338 Zalantun Lane,,Minas Gerais,413,45403,8.41E+11,8:23 AM
260,127 Iwakuni Boulevard,,Central Luzon,192,20777,9.87E+11,9:23 AM
261,51 Laredo Avenue,,Sagaing,342,68146,8.85E+11,10:23 AM
262,771 Yaound Manor,,Sofala,64,86768,2.45E+11,11:23 AM
263,532 Toulon Street,,Santiago,460,69517,46871694740,12:23 PM
264,1027 Banjul Place,,West Bengali,197,50390,5.38E+11,1:23 PM
265,1158 Mandi Bahauddin Parkway,,Shanxi,136,98484,2.77E+11,2:23 PM
266,862 Xintai Lane,,Cagayan Valley,548,30065,2.65E+11,3:23 PM
267,816 Cayenne Parkway,,Manab,414,93629,2.83E+11,4:23 PM
268,1831 Nam Dinh Loop,,National Capital Reg,323,51990,3.23E+11,5:23 PM
269,446 Kirovo-Tepetsk Lane,,Osaka,203,19428,3.04E+11,6:23 PM
270,682 Halisahar Place,,Severn Morava,378,20536,4.76E+11,7:23 PM
271,1587 Loja Manor,,Salzburg,447,5410,6.22E+11,8:23 PM
272,1762 Paarl Parkway,,Hunan,298,53928,1.92E+11,9:23 PM
273,1519 Ilorin Place,,Kerala,395,49298,3.57E+11,10:23 PM
274,920 Kumbakonam Loop,,California,446,75090,6.85E+11,11:23 PM
275,906 Goinia Way,,Wielkopolskie,255,83565,7.02E+11,12:23 AM
276,1675 Xiangfan Manor,,Tamil Nadu,283,11763,2.71E+11,1:23 AM
277,85 San Felipe de Puerto Plata Drive,,Shandong,584,46063,1.71E+11,2:23 AM
278,144 South Hill Loop,,Guanajuato,445,2012,45387294817,3:23 AM
279,1884 Shikarpur Avenue,,Haryana,263,85548,9.60E+11,4:23 AM
280,1980 Kamjanets-Podilskyi Street,,Illinois,404,89502,8.74E+11,5:23 AM
281,1944 Bamenda Way,,Michigan,573,24645,75975221996,6:23 AM
282,556 Baybay Manor,,Oyo & Osun,374,55802,3.64E+11,7:23 AM
283,457 Tongliao Loop,,Bursa,222,56254,8.81E+11,8:23 AM
284,600 Bradford Street,,East Azerbaidzan,514,96204,1.18E+11,9:23 AM
285,1006 Santa Brbara dOeste Manor,,Ondo & Ekiti,389,36229,85059738746,10:23 AM
286,1308 Sumy Loop,,Fujian,175,30657,5.83E+11,11:23 AM
287,1405 Chisinau Place,,Ponce,411,8160,62781725285,12:23 PM
288,226 Halifax Street,,Xinxiang,277,58492,7.91E+11,1:23 PM
289,1279 Udine Parkway,,Edo & Delta,69,75860,1.95E+11,2:23 PM
290,1336 Benin City Drive,,Shiga,386,46044,3.41E+11,3:23 PM
291,1155 Liaocheng Place,,Oyo & Osun,152,22650,5.58E+11,4:23 PM
292,1993 Tabuk Lane,,Tamil Nadu,522,64221,6.48E+11,5:23 PM
293,86 Higashiosaka Lane,,Guanajuato,563,33768,9.57E+11,6:23 PM
294,1912 Allende Manor,,Kowloon and New Kowl,279,58124,1.72E+11,7:23 PM
295,544 Tarsus Boulevard,,Gurico,562,53145,892523334,8:23 PM
296,1936 Cuman Avenue,,Virginia,433,61195,9.77E+11,9:23 PM
297,1192 Tongliao Street,,Sharja,470,19065,3.51E+11,10:23 PM
298,44 Najafabad Way,,Baskimaa,146,61391,96604821070,11:23 PM
299,32 Pudukkottai Lane,,Ohio,140,38834,9.67E+11,12:23 AM
300,661 Chisinau Lane,,Pietari,274,8856,8.16E+11,1:23 AM
,,,,,,,
,,,,,,,
,,,,,,,
,,,,,,,
,,,,,,,
,,,,,,,
,,,,,,,
,,,,,,,
,,,,,,,
,,,,,,,
,,,,,,,
,,,,,,,
,,,,,,,
,,,,,,,
,,,,,,,
,,,,,,,
,,,,,,,
,,,,,,,
,,,,,,,
,,,,,,,
,,,,,,,
,,,,,,,
,,,,,,,
,,,,,,,
,,,,,,,
,,,,,,,
,,,,,,,
,,,,,,,
,,,,,,,
,,,,,,,
,,,,,,,
,,,,,,,
,,,,,,,
,,,,,,,
,,,,,,,
,,,,,,,
,,,,,,,
,,,,,,,
,,,,,,,
,,,,,,,
,,,,,,,
,,,,,,,
,,,,,,,
,,,,,,,
,,,,,,,
,,,,,,,
,,,,,,,
,,,,,,,
,,,,,,,
,,,,,,,
,,,,,,,
,,,,,,,
,,,,,,,
,,,,,,,
,,,,,,,
,,,,,,,
,,,,,,,
,,,,,,,
,,,,,,,
,,,,,,,
,,,,,,,
,,,,,,,
,,,,,,,
,,,,,,,
,,,,,,,
,,,,,,,
,,,,,,,
,,,,,,,
,,,,,,,
,,,,,,,
,,,,,,,
,,,,,,,
,,,,,,,
,,,,,,,
,,,,,,,
,,,,,,,
,,,,,,,
,,,,,,,
,,,,,,,
,,,,,,,
,,,,,,,
,,,,,,,
,,,,,,,
,,,,,,,
,,,,,,,
,,,,,,,
,,,,,,,
,,,,,,,
,,,,,,,
,,,,,,,
,,,,,,,
,,,,,,,
,,,,,,,
,,,,,,,
,,,,,,,
,,,,,,,
,,,,,,,
,,,,,,,
,,,,,,,
,,,,,,,
,,,,,,,
,,,,,,,
,,,,,,,
,,,,,,,
,,,,,,,
,,,,,,,
,,,,,,,
,,,,,,,
,,,,,,,
,,,,,,,
,,,,,,,
,,,,,,,
,,,,,,,
,,,,,,,
,,,,,,,
,,,,,,,
,,,,,,,
,,,,,,,
,,,,,,,
,,,,,,,
,,,,,,,
,,,,,,,
,,,,,,,
,,,,,,,
,,,,,,,
,,,,,,,
,,,,,,,
,,,,,,,
,,,,,,,
,,,,,,,
,,,,,,,
,,,,,,,
,,,,,,,
,,,,,,,
,,,,,,,
,,,,,,,
,,,,,,,
,,,,,,,
,,,,,,,
,,,,,,,
,,,,,,,
,,,,,,,
,,,,,,,
,,,,,,,
,,,,,,,
,,,,,,,
,,,,,,,
,,,,,,,
,,,,,,,
,,,,,,,
,,,,,,,
,,,,,,,
,,,,,,,
,,,,,,,
,,,,,,,
,,,,,,,
,,,,,,,
,,,,,,,
,,,,,,,
,,,,,,,
,,,,,,,
,,,,,,,
,,,,,,,
,,,,,,,
,,,,,,,
,,,,,,,
,,,,,,,
,,,,,,,
,,,,,,,
,,,,,,,
,,,,,,,
,,,,,,,
,,,,,,,
,,,,,,,
,,,,,,,
,,,,,,,
,,,,,,,
,,,,,,,
,,,,,,,
,,,,,,,
,,,,,,,
,,,,,,,
,,,,,,,
,,,,,,,
,,,,,,,
,,,,,,,
,,,,,,,
,,,,,,,
,,,,,,,
,,,,,,,
,,,,,,,
,,,,,,,
,,,,,,,
,,,,,,,
,,,,,,,
,,,,,,,
,,,,,,,
,,,,,,,
,,,,,,,
,,,,,,,
,,,,,,,
,,,,,,,
,,,,,,,
,,,,,,,
,,,,,,,
,,,,,,,
,,,,,,,
,,,,,,,
,,,,,,,
,,,,,,,
,,,,,,,
,,,,,,,
,,,,,,,
,,,,,,,
,,,,,,,
,,,,,,,
,,,,,,,
,,,,,,,
,,,,,,,
,,,,,,,
,,,,,,,
,,,,,,,
,,,,,,,
,,,,,,,
,,,,,,,
,,,,,,,
,,,,,,,
,,,,,,,
,,,,,,,
,,,,,,,
,,,,,,,
,,,,,,,
,,,,,,,
,,,,,,,
,,,,,,,
,,,,,,,
,,,,,,,
,,,,,,,
,,,,,,,
,,,,,,,
,,,,,,,
,,,,,,,
,,,,,,,
,,,,,,,
,,,,,,,
,,,,,,,
,,,,,,,
,,,,,,,
,,,,,,,
,,,,,,,
,,,,,,,
,,,,,,,
,,,,,,,
,,,,,,,
,,,,,,,
,,,,,,,
,,,,,,,
,,,,,,,
,,,,,,,
,,,,,,,
,,,,,,,
,,,,,,,
,,,,,,,
,,,,,,,
,,,,,,,
,,,,,,,
,,,,,,,
,,,,,,,
,,,,,,,
,,,,,,,
,,,,,,,
,,,,,,,
,,,,,,,
,,,,,,,
,,,,,,,
,,,,,,,
,,,,,,,
,,,,,,,
,,,,,,,
,,,,,,,
,,,,,,,
,,,,,,,
,,,,,,,
,,,,,,,
,,,,,,,
,,,,,,,
,,,,,,,
,,,,,,,
,,,,,,,
,,,,,,,
,,,,,,,
,,,,,,,
,,,,,,,
,,,,,,,
,,,,,,,
,,,,,,,
,,,,,,,
,,,,,,,
,,,,,,,
,,,,,,,
,,,,,,,
,,,,,,,
,,,,,,,
,,,,,,,
